社員番号,フォロワー数,いいね数
2337203,14,69
2337005,13,21
2336909,11,55
2336800,17,47
2336503,12,4
2336404,18,69
2336305,8,77
2336206,17,77
2335902,10,53
2335704,8,39
2335605,4,7
2335506,12,3
2335407,9,71
2335209,11,3
2334707,15,81
2334608,5,63
2334509,22,58
2333908,4,1
2333809,16,69
2333700,9,13
2333601,7,0
2333502,23,64
2333304,8,3
2333205,25,88
2333106,7,2
2333007,12,61
2331706,19,88
2331607,30,177
2331508,25,67
2331409,26,116
2331300,37,81
2331201,20,77
2331102,19,79
2330907,14,0
2330808,11,59
2330709,15,82
2330600,8,49
2330501,16,80
2330402,4,3
2330204,8,3
2329901,22,0
2329802,27,16
2329703,10,0
2329604,16,8
2329505,23,0
2329406,27,0
2329307,18,0
2329208,35,64
2329000,14,0
2328904,11,0
2328805,28,37
2328706,16,5
2328607,24,0
2328508,29,0
2328409,11,10
2328300,10,6
2328201,16,0
2328003,19,39
2327907,49,34
2327808,28,0
2327600,28,0
2327501,19,0
2327402,29,32
2327303,33,1
2327204,16,16
2327105,28,0
2327006,42,35
2326900,12,0
2326801,18,10
2326702,23,18
2326603,16,1
2326504,22,0
2326405,45,17
2326306,11,0
2326207,14,10
2326009,12,0
2325903,11,0
2325804,8,0
2325705,19,10
2325606,18,6
2325507,15,0
2325408,12,6
2325309,36,74
2325200,8,0
2325101,13,0
2325002,27,16
2324906,16,0
2324807,7,0
2324708,27,57
2324609,11,0
2324500,31,10
2324401,21,16
2324302,32,0
2324203,18,0
2324104,34,6
2324005,20,0
2323909,91,285
2323800,20,9
2323701,17,9
2323602,13,8
2323503,20,10
2323404,19,34
2323305,5,0
2323206,22,20
2323107,63,7
2322902,18,1
2322704,28,0
2322605,20,3
2322506,18,6
2322407,16,0
2322308,18,0
2322209,29,0
2322100,31,12
2322001,32,3
2321905,7,0
2321806,8,0
2321707,44,30
2321608,27,4
2321400,19,12
2321301,22,39
2321202,52,51
2321103,20,12
2321004,32,11
2320908,32,9
2320809,21,10
2320700,55,84
2320601,22,0
2320502,32,26
2320403,18,9
2320304,21,14
2320205,13,7
2320106,17,101
2320007,15,0
2319902,9,0
2319704,20,0
2319605,14,0
2319506,30,18
2319407,163,84
2319308,18,9
2319209,19,0
2319100,42,13
2319001,8,0
2318905,14,34
2318806,15,3
2318608,31,57
2318400,9,8
2318301,18,7
2318202,12,7
2318103,19,2
2318004,22,0
2317908,12,7
2317809,17,0
2317700,9,15
2317601,37,90
2317502,18,11
2317403,38,6
2317304,13,0
2317106,20,1
2317007,24,33
2316802,19,0
2316703,6,0
2316604,25,0
2316505,26,0
2316406,24,0
2316307,27,0
2316208,17,27
2316109,29,0
2316000,22,19
2315904,28,0
2315805,23,2
2315706,16,20
2315607,9,0
2315508,15,0
2315409,12,0
2315300,16,0
2315201,41,30
2315102,21,0
2315003,27,0
2314907,20,8
2314808,23,0
2314709,19,0
2314600,18,0
2314501,21,0
2314402,9,0
2314303,12,0
2314204,10,0
2314105,19,0
2314006,9,7
2313900,43,23
2313801,14,0
2313702,26,7
2313603,33,0
2313504,33,17
2313405,18,27
2313306,18,1
2313207,25,0
2313108,19,3
2313009,14,0
2312903,21,7
2312804,20,8
2312705,254,541
2312606,14,0
2312507,22,0
2312408,14,3
2312309,20,1
2312200,10,0
2312101,14,0
2312002,18,20
2311906,27,0
2311807,31,0
2311708,22,0
2311609,16,0
2311500,13,0
2311401,18,8
2311302,14,4
2311203,10,0
2311104,25,0
2311005,17,0
2310909,11,0
2310800,24,11
2310701,12,7
2310602,25,0
2310503,11,0
2310404,8,7
2310305,26,33
2310206,57,35
2310107,12,1
2310008,12,11
2309903,33,0
2309804,20,1
2309705,16,5
2309606,12,1
2309507,23,2
2309408,12,0
2309309,17,0
2309200,20,17
2309101,18,0
2309002,26,0
2308906,22,0
2308807,32,13
2308708,8,0
2308609,7,6
2308500,27,0
2308401,21,3
2308302,10,0
2308203,22,1
2308104,10,11
2307909,29,57
2307800,30,34
2307701,21,35
2307602,19,1
2307503,23,0
2307404,10,0
2307305,32,5
2307206,21,1
2307107,18,0
2307008,15,1
2306902,19,33
2306803,19,22
2306704,8,0
2306605,23,28
2306506,18,9
2306407,22,8
2306308,30,9
2306209,37,0
2306100,54,35
2306001,32,0
2305905,48,207
2305806,33,30
2305707,30,11
2305608,14,3
2305509,16,0
2305400,15,0
2305301,29,0
2305202,19,5
2305103,30,9
2305004,19,12
2304908,24,5
2304809,20,0
2304700,28,63
2304601,29,0
2304502,15,0
2304403,13,0
2304304,14,0
2304205,20,0
2304106,19,0
2304007,21,0
2303901,14,8
2303802,29,14
2303703,8,0
2303604,14,0
2303505,42,0
2303406,12,0
2303307,12,1
2303208,34,7
2303109,32,0
2303000,7,0
2302904,42,7
2302805,16,0
2302706,14,0
2302607,19,0
2302508,20,0
2302409,27,0
2302201,30,0
2302102,16,0
2302003,35,31
2301808,28,13
2301709,54,0
2301600,26,0
2301501,45,4
2301402,54,0
2301303,36,10
2301204,39,0
2301105,19,12
2301006,25,0
2300900,11,7
2300801,38,9
2300702,19,0
2300603,10,0
2300504,24,15
2300405,27,12
2300306,35,1
2300207,12,0
2300108,15,0
2294803,43,6
2294704,7,11
2294605,6,6
2294506,6,5
2294407,11,8
2294209,11,7
2294100,16,113
2294001,26,68
2293806,32,27
2293707,13,8
2293608,9,15
2293509,11,40
2293400,10,5
2293301,18,1
2293202,21,21
2292908,19,4
2292809,31,90
2292700,26,134
2292601,10,5
2292502,23,1
2292403,21,0
2292304,23,220
2292205,12,0
2292007,33,55
2291901,30,12
2291802,33,3
2291703,7,57
2291505,11,1
2291406,19,19
2291307,13,28
2291208,10,0
2291109,12,11
2291000,30,22
2290904,12,14
2290805,19,0
2290706,21,3
2290607,66,133
2290508,22,4
2290409,11,7
2290300,41,429
2290201,19,0
2290102,17,63
2290003,28,9
2289908,29,23
2289809,16,65
2289700,23,47
2289601,41,8
2289502,47,276
2289403,13,48
2289304,25,7
2289205,32,6
2289106,24,0
2289007,17,10
2288901,9,0
2288802,14,0
2288703,13,17
2288604,20,10
2288505,14,222
2288307,51,72
2288208,19,3
2288109,16,4
2288000,26,45
2287904,27,2
2287805,72,22
2287706,32,89
2287607,10,0
2287508,26,4
2287409,16,61
2287300,32,70
2287201,13,41
2287003,48,60
2286808,32,60
2286709,21,0
2286600,17,7
2286501,23,2
2286402,16,15
2286303,19,31
2286105,28,83
2286006,24,164
2285900,68,10
2285801,26,67
2285702,21,0
2285603,27,0
2285504,19,35
2285405,13,5
2285306,20,3
2285207,28,71
2285108,21,48
2285009,23,86
2284903,6,0
2284804,21,0
2284705,40,5
2284606,15,0
2284507,30,23
2284309,26,76
2284200,17,107
2284101,12,15
2284002,7,0
2283906,10,34
2283807,13,5
2283708,14,72
2283609,32,60
2283500,19,3
2283302,12,69
2283203,12,89
2283104,41,148
2283005,29,112
2282909,20,11
2282800,26,14
2282602,26,87
2282503,11,8
2282404,11,68
2282305,19,58
2282206,17,0
2282107,15,56
2282008,25,18
2281902,39,97
2281605,20,16
2281407,29,2
2281308,16,67
2281209,31,54
2281100,28,98
2280905,22,82
2280806,19,10
2280707,30,91
2280608,12,1
2280509,13,51
2280400,25,57
2280301,37,71
2280202,8,36
2280103,26,60
2280004,14,0
2279909,31,17
2279800,34,84
2279701,40,55
2279602,41,89
2279503,34,62
2279404,41,141
2279206,27,54
2279107,21,13
2279008,16,56
2278803,26,86
2278704,40,101
2278605,26,54
2278506,36,104
2278407,44,74
2278308,35,85
2278209,42,1
2278100,34,19
2278001,16,43
2277905,23,7
2277707,22,50
2277608,16,19
2277400,59,173
2277202,48,52
2277103,20,19
2277004,17,116
2276908,21,50
2276809,16,65
2276601,10,0
2276502,14,0
2276403,100,69
2276304,33,75
2276205,22,68
2276106,15,69
2276007,18,107
2275901,14,55
2275802,23,31
2275703,13,104
2275604,15,12
2275505,30,42
2275406,38,5
2275307,52,116
2275208,41,69
2275109,50,114
2274904,15,36
2274805,21,13
2274706,39,87
2274607,31,110
2274508,92,527
2274409,32,11
2274300,18,31
2274201,17,134
2274102,10,77
2274003,23,22
2273709,16,160
2273600,26,39
2273501,48,193
2273402,17,23
2273303,81,346
2273204,30,67
2273105,22,9
2273006,15,0
2272900,14,76
2272702,13,71
2272603,22,120
2272504,41,47
2272405,15,26
2272207,31,112
2272009,24,110
2271903,23,0
2271804,31,6
2271705,14,17
2271606,36,101
2271507,24,8
2271408,28,59
2271200,35,104
2271101,132,89
2271002,13,15
2270906,18,8
2270807,44,102
2270708,22,61
2270609,41,27
2270500,29,132
2270401,25,71
2270302,57,150
2270203,34,74
2270104,65,121
2270005,21,73
2269900,22,58
2269801,24,112
2269702,18,18
2269504,13,0
2269405,23,9
2269306,20,0
2269108,19,103
2269009,6,19
2268903,17,61
2268804,32,91
2268705,30,72
2268606,22,84
2268507,26,143
2268408,13,57
2268309,9,54
2268200,29,193
2268101,19,29
2268002,13,19
2267609,19,6
2267401,30,79
2267302,33,65
2267203,30,68
2267104,15,66
2267005,78,239
2266909,21,7
2266503,7,8
2266404,36,72
2266008,15,82
2265902,23,21
2265803,16,26
2265704,16,74
2265605,17,79
2265506,24,85
2265407,38,165
2265308,11,57
2265100,38,91
2265001,34,137
2264905,32,24
2264806,16,56
2264707,23,107
2264509,19,28
2264301,48,278
2264202,27,136
2264103,21,43
2263908,21,89
2263809,56,262
2263700,64,163
2263601,35,73
2263502,27,20
2263403,45,106
2263304,34,111
2263205,19,13
2263106,44,16
2263007,13,17
2262901,12,38
2262802,53,129
2262703,42,96
2262604,16,106
2262505,36,98
2262406,20,91
2262307,32,96
2262208,24,64
2262109,9,91
2262000,40,198
2261904,20,24
2261706,19,13
2261607,48,80
2261508,44,434
2261409,28,16
2261300,33,9
2261201,35,58
2261102,10,6
2261003,18,50
2260907,9,6
2260808,18,48
2260709,103,885
2260600,19,16
2260303,19,7
2260204,31,13
2260105,52,68
2259703,44,68
2259604,26,112
2259505,31,60
2259406,10,0
2259307,21,13
2259208,16,0
2259109,21,9
2259000,18,21
2258904,25,87
2258805,43,140
2258706,48,516
2258607,23,81
2258508,77,1018
2258409,54,85
2258300,47,123
2258201,30,105
2258102,36,110
2257907,32,85
2257808,34,156
2257709,52,30
2257600,32,121
2257303,25,8
2257204,31,112
2257105,51,107
2257006,39,12
2256900,16,10
2256801,45,66
2256603,27,71
2256504,48,424
2256405,19,79
2256306,54,83
2256207,49,289
2256108,56,359
2256009,27,78
2255903,31,34
2255804,34,22
2255705,24,67
2255606,21,61
2255408,52,134
2255309,37,15
2255200,22,14
2255101,40,108
2255002,25,9
2254906,19,31
2254708,32,80
2254609,25,94
2254500,34,79
2254401,45,257
2254302,45,145
2254203,26,83
2254104,15,5
2253701,20,110
2253602,8,115
2253503,27,94
2253404,26,52
2253305,38,160
2253206,14,7
2253107,40,124
2253008,84,148
2252902,30,10
2252803,66,741
2252704,33,80
2252605,23,126
2252506,19,168
2252407,22,41
2252308,38,78
2252209,34,81
2252100,59,166
2252001,55,86
2251806,18,5
2251608,38,84
2251004,15,59
2250908,17,22
2250809,36,0
2250700,48,1126
2250601,28,588
2250502,29,22
2250403,35,81
2250304,37,19
2250205,44,402
2249902,38,0
2249803,14,16
2249407,23,13
2249209,29,138
2249100,26,114
2249001,21,65
2248905,53,88
2248806,25,23
2248707,69,49
2248608,21,71
2248509,22,0
2248400,48,95
2248103,25,220
2247908,20,8
2247809,76,1056
2247700,13,15
2247601,46,113
2247502,18,6
2247304,40,70
2247205,71,321
2247106,63,187
2246901,44,63
2246802,55,250
2246703,47,106
2246604,15,113
2246505,11,9
2246000,34,19
2245904,32,22
2245805,29,17
2245706,38,63
2245607,18,1
2245508,20,1
2245409,34,131
2245300,22,8
2245201,17,16
2245102,14,3
2244907,32,59
2244808,34,75
2244709,7,16
2244600,44,156
2244501,36,268
2244402,27,22
2244303,31,150
2244204,73,192
2244105,54,101
2243900,11,35
2243801,40,334
2243702,10,0
2243504,33,193
2243306,28,20
2243207,33,40
2243108,53,230
2243009,63,196
2242903,62,112
2242804,41,22
2242705,58,248
2242606,31,22
2242408,47,139
2242101,26,12
2241906,73,113
2241708,28,15
2241609,37,91
2241500,49,19
2241203,42,115
2241005,24,0
2240909,26,38
2240800,24,10
2240701,25,196
2240602,20,11
2240503,14,14
2240404,26,45
2240107,27,87
2240008,48,396
2239705,30,248
2239606,13,7
2239507,21,91
2239309,33,19
2239200,18,0
2239101,22,153
2238906,44,137
2238708,30,133
2238500,160,795
2238203,15,36
2238104,25,3
2238005,17,5
2237602,22,8
2237503,26,102
2237008,84,445
2236803,24,23
2236704,24,55
2236605,22,96
2236506,24,46
2236407,45,104
2236308,45,83
2236209,37,15
2236100,28,58
2235905,48,65
2235806,51,79
2235707,26,12
2235400,20,7
2235301,30,69
2235202,45,103
2235103,25,17
2235004,43,216
2234809,71,599
2234700,51,260
2234601,40,277
2234502,46,344
2234403,23,17
2234304,68,288
2234106,30,55
2234007,34,89
2233901,19,34
2233802,57,238
2233604,27,161
2233406,33,130
2233307,20,90
2233208,30,112
2233000,24,94
2232904,191,659
2232706,89,561
2232607,18,0
2232508,20,29
2232409,18,19
2232300,35,247
2232201,32,21
2232003,114,645
2231709,66,130
2231600,27,140
2231501,23,72
2231402,42,432
2231204,73,293
2231006,21,0
2230900,51,123
2230306,71,76
2230207,17,36
2230108,88,2138
2230009,47,188
2229904,117,302
2229805,17,4
2229508,50,137
2229409,63,118
2229300,38,73
2229201,32,78
2229003,30,123
2228808,23,36
2228709,107,2775
2228600,40,186
2228501,71,163
2228402,28,117
2228303,136,236
2227900,146,421
2227801,23,0
2227702,45,330
2227603,93,562
2227405,66,417
2227306,36,96
2227207,68,200
2227009,27,31
2226903,22,10
2226804,54,72
2226606,48,140
2226507,31,149
2226408,24,14
2226002,25,17
2225906,36,46
2225807,46,142
2225708,25,11
2225401,30,121
2225302,33,144
2225203,48,977
2225104,80,314
2225005,43,121
2224909,29,64
2224800,19,3
2224701,8,0
2224404,71,253
2224305,53,104
2224206,36,105
2224107,78,396
2224008,48,338
2223803,51,63
2223704,26,16
2223605,10,4
2223506,21,44
2223407,38,0
2223308,21,69
2223209,26,6
2223100,19,7
2223001,15,0
2222905,17,28
2222806,24,6
2222707,37,467
2222608,44,17
2222509,27,11
2222400,81,284
2222301,44,0
2222103,52,73
2222004,12,74
2221908,30,41
2221809,9,3
2221700,51,126
2221601,42,7
2221502,22,18
2221403,19,29
2221304,31,152
2221106,22,31
2221007,79,648
2220901,49,104
2220802,29,15
2220703,39,61
2220604,38,30
2220505,229,2918
2220406,57,109
2220307,73,219
2220208,146,789
2220109,26,115
2220000,14,3
2219905,65,57
2219806,45,41
2219707,28,37
2219608,44,193
2219509,38,36
2219400,17,9
2219301,35,83
2219202,43,62
2218908,28,43
2218809,46,165
2218601,34,20
2218502,30,70
2218403,51,64
2218205,27,7
2218106,62,100
2218007,31,35
2217901,37,30
2217802,47,0
2217703,132,893
2217604,23,25
2217505,84,211
2217307,60,42
2217208,25,30
2217109,47,95
2217000,17,2
2216904,39,42
2216805,38,59
2216706,26,25
2216508,22,10
2216409,30,86
2216300,27,8
2216201,24,18
2216003,14,6
2215907,32,22
2215808,157,821
2215709,120,507
2215600,29,2
2215501,30,107
2215402,54,75
2215303,71,101
2215204,30,43
2215105,23,17
2215006,44,55
2214900,29,52
2214801,26,0
2214702,107,230
2214603,41,63
2214504,60,60
2214405,16,5
2214207,35,11
2214108,47,11
2214009,23,117
2213903,39,159
2213804,53,155
2213408,53,56
2213309,23,19
2213200,42,59
2213101,7,0
2212906,91,459
2212708,20,8
2212609,20,4
2212500,47,5
2212401,43,48
2212302,108,709
2212203,86,453
2212104,50,114
2212005,35,21
2211909,73,198
2211800,20,5
2211701,58,56
2211602,171,1734
2211503,30,35
2211404,22,17
2211305,40,52
2211206,32,12
2211107,41,20
2211008,44,0
2210902,19,0
2210803,42,23
2210605,46,3
2210506,38,17
2210407,82,43
2210308,36,75
2210209,10,8
2210100,63,35
2210001,44,54
2209906,86,117
2209807,62,765
2209708,65,178
2209609,23,20
2209500,19,6
2209401,37,61
2209302,23,16
2209203,17,19
2209104,18,8
2209005,22,23
2208909,30,8
2208800,44,101
2208701,31,33
2208602,39,116
2208503,54,28
2208404,27,17
2208305,57,0
2208206,34,28
2207902,73,77
2207803,145,415
2207704,54,333
2207605,45,12
2207407,64,321
2207308,16,22
2207209,28,20
2207100,32,3
2207001,46,67
2206905,38,5
2206806,8,0
2206707,82,764
2206608,14,55
2206509,31,35
2206400,42,12
2206301,71,133
2206202,83,153
2206103,28,0
2206004,18,22
2205908,116,2357
2205809,108,252
2205601,75,613
2205502,67,202
2205403,69,361
2205304,13,7
2205106,49,66
2205007,15,40
2204901,26,161
2204802,49,57
2204703,36,56
2204604,22,4
2204406,58,345
2204307,29,57
2204208,28,17
2204109,122,1422
2204000,23,65
2203904,103,210
2203805,28,13
2203706,44,40
2203607,15,17
2203508,53,36
2203409,20,0
2203300,64,96
2203201,36,8
2203102,60,119
2202907,44,268
2202709,31,8
2202501,31,20
2202402,39,22
2202204,30,6
2202006,15,24
2201702,37,31
2201603,40,38
2201504,21,8
2201405,42,106
2201306,21,0
2201207,44,51
2201108,96,326
2201009,90,394
2200903,66,2
2200804,17,0
2200705,24,3
2200606,52,78
2200507,76,83
2200408,18,20
2200309,55,63
2181905,64,2135
2181707,63,2502
2181608,16,9
2181400,58,745
2181301,19,8
2181103,51,407
2181004,14,32
2180908,33,303
2180700,33,25
2180601,36,493
2180502,45,130
2180403,35,197
2180205,21,185
2180106,298,6211
2180007,33,237
2179803,59,1352
2179605,14,77
2179506,24,117
2179407,25,195
2179100,16,131
2179001,46,885
2178905,21,0
2178806,45,137
2178509,19,62
2178301,18,6
2178202,52,212
2178103,8,6
2178004,25,72
2177809,24,0
2177700,33,87
2177304,49,114
2177106,36,88
2177007,54,72
2176901,36,145
2176802,16,0
2176406,27,464
2176208,51,137
2176109,22,53
2175904,47,10
2175805,39,97
2175607,27,118
2175508,48,23
2175201,22,3
2175003,17,7
2174709,16,9
2174600,37,37
2174501,18,108
2174303,233,1086
2174204,43,130
2174105,50,63
2173900,75,388
2173801,29,65
2173702,57,235
2173405,50,71
2173306,35,3
2173108,16,4
2173009,25,26
2172804,59,158
2172705,37,116
2172606,61,12
2172507,42,75
2172309,45,291
2172101,25,218
2171906,34,294
2171807,146,670
2171708,42,214
2171609,54,279
2171500,26,27
2171302,74,312
2171203,48,134
2171104,51,204
2171005,39,75
2170909,35,3
2170800,45,114
2170602,33,20
2170503,56,137
2170305,37,92
2170107,63,56
2170008,36,179
2169903,39,114
2169804,34,33
2169705,33,86
2169606,49,27
2169507,47,192
2169002,43,202
2168807,27,84
2168609,49,169
2168500,49,130
2168203,40,138
2168005,69,384
2167909,26,105
2167800,33,115
2167503,41,84
2167404,62,122
2167107,72,159
2166902,54,144
2166803,19,68
2166704,43,81
2166605,171,1142
2166506,43,128
2166308,50,153
2166100,58,86
2166001,37,71
2165905,52,239
2165806,34,116
2165509,32,9
2165301,48,165
2165103,63,231
2165004,28,33
2164908,67,135
2164700,54,271
2164601,18,52
2164106,36,47
2164007,6,0
2163901,50,302
2163703,39,17
2163604,28,105
2163406,46,110
2163307,39,95
2163208,36,52
2163109,40,228
2162805,45,58
2162607,43,125
2162508,46,58
2162409,47,233
2162300,25,34
2162201,33,92
2162003,25,57
2161907,72,113
2161808,49,124
2161709,70,181
2161600,29,105
2161501,43,139
2161006,27,20
2160702,27,22
2160603,30,105
2160504,64,14
2160306,31,57
2160207,20,15
2160009,18,93
2159805,43,202
2159706,20,58
2159508,23,12
2159003,37,926
2158907,14,0
2158808,41,224
2158600,43,776
2158501,37,151
2158402,15,0
2158204,65,1774
2158006,78,1104
2157900,37,263
2157801,22,3
2157702,69,40
2157306,51,101
2157108,120,1125
2157009,35,345
2156903,26,83
2156705,41,182
2156606,44,163
2156408,15,0
2156309,30,22
2156002,33,17
2155906,40,3
2155807,63,303
2155708,41,97
2155609,44,91
2155500,24,33
2155401,48,119
2155203,29,46
2155005,40,65
2154800,26,19
2154503,70,117
2154404,60,7
2154305,48,61
2154206,78,135
2154107,39,211
2154008,43,28
2153704,26,53
2153605,27,28
2153506,18,30
2153407,17,116
2153308,27,20
2153209,107,1287
2153001,37,4
2152806,151,2892
2152400,67,109
2152202,58,531
2152103,39,76
2151908,50,81
2151809,26,17
2151502,28,16
2151205,28,41
2151007,44,169
2150901,24,6
2150604,27,7
2150406,67,14
2150307,30,83
2150109,28,37
2149905,67,380
2149806,35,82
2149608,37,105
2149509,55,248
2149301,25,45
2149202,29,24
2149103,59,96
2149004,36,347
2148908,45,87
2148809,32,91
2148601,53,425
2148502,37,46
2148205,58,266
2148007,30,276
2147901,20,2
2147703,72,222
2147604,68,296
2147406,34,65
2147307,87,374
2147208,35,74
2147000,44,240
2146805,57,179
2146706,49,70
2146409,38,133
2146300,18,8
2146201,22,37
2146102,23,5
2146003,13,0
2145907,25,21
2145808,39,79
2145402,55,182
2145204,22,166
2144900,94,506
2144702,26,45
2144603,73,243
2144504,42,17
2144405,71,374
2144207,29,3
2144108,42,180
2144009,60,321
2143804,61,120
2143705,32,47
2142906,32,88
2142401,153,2324
2142302,99,775
2142203,51,64
2142104,46,126
2142005,53,90
2141909,87,562
2141602,48,188
2141503,49,67
2141206,35,0
2141107,111,846
2141008,98,2377
2140902,28,120
2140803,42,133
2140605,67,453
2140308,20,190
2140209,30,65
2140100,60,967
2140001,61,205
2139807,40,59
2139401,30,627
2139302,24,31
2139104,33,100
2138909,27,84
2138701,23,4
2138206,27,47
2138107,35,76
2137902,28,4
2137506,37,175
2137001,98,317
2136905,25,115
2136806,84,1434
2136707,51,188
2136608,37,80
2136400,28,145
2136202,80,998
2136103,59,117
2136004,42,17
2135908,47,27
2135809,25,0
2135700,67,481
2135601,22,1
2135502,24,29
2135106,64,316
2135007,38,84
2134901,63,325
2134802,39,76
2134505,155,633
2134406,59,228
2134307,45,112
2134208,62,212
2134000,55,351
2133805,124,1795
2133706,46,78
2133508,28,75
2133409,34,92
2133201,98,816
2133102,56,243
2132907,137,1362
2132600,59,154
2132501,38,30
2132204,51,1404
2132105,34,80
2131900,66,512
2131801,19,4
2131702,19,0
2131603,41,52
2131306,133,1116
2131108,34,53
2131009,71,531
2130903,72,871
2130705,53,212
2130507,70,835
2130200,24,2
2130002,38,31
2129808,41,40
2129105,53,151
2128801,48,136
2128702,190,3727
2128603,11,37
2128405,28,117
2128306,45,14
2128207,74,648
2128009,56,390
2127903,99,1840
2127705,75,369
2127606,51,199
2127507,66,71
2127408,45,22
2127200,48,451
2127101,47,127
2127002,64,150
2126906,42,16
2126807,13,0
2126609,187,1416
2126500,65,788
2126401,57,612
2126302,190,1258
2126203,48,132
2126104,50,108
2126005,114,689
2125800,41,55
2125701,112,1399
2125602,366,17870
2125305,17,12
2125206,48,103
2125107,112,1588
2124902,54,583
2124803,74,604
2124605,54,277
2124506,33,69
2124407,45,120
2124308,109,1799
2124209,32,80
2123905,39,71
2123806,41,623
2123707,34,29
2123509,44,88
2123202,44,61
2123103,31,224
2123004,31,21
2122908,36,60
2122809,26,119
2122700,28,9
2122601,14,77
2122502,22,2
2122403,19,6
2122205,41,20
2122007,25,8
2121802,29,98
2121604,19,0
2121406,9,16
2121307,28,116
2121208,9,0
2121109,28,4
2120904,12,11
2120607,15,53
2120409,18,85
2120201,22,4
2120102,97,458
2119908,57,99
2119700,58,100
2119601,39,109
2119502,67,197
2119304,41,87
2119205,88,78
2119106,41,1111
2118901,104,290
2118802,18,7
2118604,71,176
2118505,32,54
2118208,17,11
2118109,22,25
2118000,22,1
2117904,51,92
2117805,50,77
2117607,98,170
2117508,33,0
2117409,43,46
2117300,11,3
2117102,30,44
2116907,69,4914
2116808,35,37
2116709,28,94
2116600,32,85
2116402,65,827
2116303,53,45
2116105,40,107
2116006,37,11
2115900,152,413
2115702,20,35
2115603,24,84
2115504,58,78
2115405,23,12
2115306,249,3691
2115009,78,977
2114903,66,167
2114804,22,1319
2114705,165,1612
2114606,30,20
2114507,79,29
2114408,45,272
2114309,22,9
2114200,20,0
2114101,18,34
2113906,51,324
2113708,21,22
2113609,37,290
2113500,41,10
2113401,71,39
2113302,34,31
2113005,45,284
2112909,25,18
2112800,162,1056
2112701,53,7
2112503,24,47
2112404,49,80
2112305,39,1058
2112107,23,49
2112008,13,3
2111902,234,724
2111803,116,987
2111704,62,14
2111605,12,1
2111506,87,265
2111209,32,91
2110905,26,7
2110806,36,209
2110707,21,0
2110608,9,0
2110509,38,34
2110400,26,41
2110301,8,0
2110202,71,68
2110103,36,63
2110004,11,4
2109909,40,0
2109800,33,6
2109701,70,296
2109602,105,686
2109503,70,308
2109404,50,181
2109305,36,64
2109206,30,14
2109107,71,169
2108803,21,0
2108704,34,126
2108605,37,25
2108506,39,42
2108308,21,3
2108209,27,215
2108100,31,57
2108001,54,184
2107707,44,16
2107608,267,1646
2107509,121,4762
2107202,29,2
2107103,57,321
2107004,51,65
2106908,56,55
2106809,85,1345
2106700,32,8
2106502,107,467
2106304,34,136
2106106,79,118
2106007,30,7
2105901,55,39
2105802,41,9
2105604,58,74
2105307,34,28
2105208,41,89
2105000,10,0
2104805,29,9
2104706,31,6
2104607,80,1793
2104508,21,0
2104409,47,166
2104300,24,13
2104102,35,172
2104003,35,387
2103907,47,29
2103600,27,42
2103501,62,520
2103402,31,0
2103303,26,6
2103204,65,616
2103105,67,330
2103006,41,40
2102900,31,80
2102603,31,47
2102504,44,40
2102405,40,117
2102306,84,461
2102108,64,70
2102009,83,205
2101903,17,3
2101804,81,455
2101705,25,4
2101606,33,25
2101507,29,15
2101309,27,1
2101200,121,1507
2070704,50,105
2070605,34,106
2070407,66,247
2070209,172,2173
2069906,56,80
2069807,79,660
2069708,30,140
2069500,36,103
2069401,44,216
2069302,83,433
2069203,47,124
2069104,13,8
2069005,29,307
2068909,55,195
2068800,33,10
2068602,32,72
2068503,38,6
2068305,48,111
2068107,46,184
2067902,38,124
2067704,98,858
2067605,42,174
2067407,24,20
2067308,57,323
2067209,54,134
2067100,34,130
2066905,37,130
2066707,38,175
2066608,39,195
2066509,70,336
2066301,49,219
2066202,22,78
2066004,33,64
2065809,30,8
2065502,33,133
2065403,64,119
2064703,44,37
2064604,28,82
2064307,84,808
2064109,28,213
2063706,57,80
2063300,40,179
2063201,52,317
2063003,38,15
2062303,41,126
2062204,285,45018
2062105,40,90
2062006,20,51
2061900,42,28
2061702,22,4
2061603,46,533
2061504,59,498
2061405,30,59
2061108,72,200
2061009,45,119
2060903,46,273
2060804,31,230
2060606,31,66
2060507,38,4
2060408,28,78
2060200,49,266
2060101,42,172
2060002,135,3167
2059907,54,57
2059808,41,360
2059709,72,98
2059600,22,6
2059501,29,212
2058702,32,130
2058603,42,711
2058504,22,15
2058306,53,866
2058207,45,18
2058108,30,635
2058009,46,106
2057804,88,383
2057606,38,8
2057507,102,528
2057408,19,67
2057309,58,250
2057101,31,29
2057002,70,361
2056708,45,108
2056609,39,80
2056500,31,108
2056401,51,70
2056203,41,58
2056005,56,122
2055909,54,106
2055800,40,430
2055701,77,189
2055602,303,6807
2054803,39,23
2054605,46,850
2054407,59,281
2054209,101,189
2054100,54,52
2054001,112,1310
2053509,56,105
2053103,45,86
2052908,187,6520
2052700,50,15
2052601,74,110
2052205,43,559
2051901,41,68
2051802,23,59
2051703,51,114
2051604,54,111
2051406,24,103
2051109,233,2662
2051000,55,219
2050904,61,289
2050805,42,61
2050508,60,462
2050409,36,15
2050201,39,996
2049908,68,750
2049809,34,75
2049700,51,72
2049601,106,4293
2049502,123,1261
2049304,64,133
2049007,28,78
2048604,86,450
2048505,70,39
2048406,56,142
2048307,50,26
2048000,41,105
2047904,30,89
2047508,160,1582
2047409,75,2021
2047201,30,68
2047102,31,255
2046808,28,99
2046709,52,215
2046600,43,221
2046402,177,2159
2046303,38,108
2046204,33,103
2046105,82,427
2045702,58,367
2045603,76,311
2045306,97,970
2045009,52,170
2044903,59,270
2044804,45,194
2044705,98,296
2044408,74,387
2044002,32,81
2043906,41,9
2043807,40,160
2043500,61,312
2043401,64,189
2043302,83,1215
2042909,70,145
2042800,48,191
2042107,41,63
2042008,66,107
2041704,51,162
2041605,179,2523
2041506,26,55
2041407,23,86
2041100,18,41
2041001,49,134
2040905,26,6
2040608,35,83
2040400,42,43
2039909,37,959
2039800,62,237
2039602,428,6628
2039503,45,327
2039305,24,88
2039008,50,118
2038902,23,78
2038704,31,4
2038209,52,127
2038100,44,49
2037905,87,583
2037202,96,231
2036809,429,25917
2036700,47,370
2036403,89,308
2036205,15,3
2036106,32,239
2035802,47,203
2035604,105,639
2035505,25,94
2035406,32,136
2035109,16,370
2034904,33,307
2034805,168,4010
2034706,15,52
2034409,62,110
2034201,33,71
2034003,34,123
2033501,47,75
2033204,50,225
2033006,18,55
2032900,32,212
2032801,62,104
2032702,65,129
2032108,16,55
2031705,32,64
2031507,30,77
2031408,45,195
2031101,76,815
2031002,109,651
2030807,37,20
2030401,51,333
2030302,95,368
2030203,220,2740
2030104,21,25
2029900,73,220
2029801,27,69
2029702,54,399
2029603,22,115
2029306,26,22
2029207,32,92
2029009,28,201
2028903,27,187
2028804,27,46
2028606,39,68
2028507,120,1861
2028309,57,191
2028101,29,19
2027906,20,92
2027708,42,256
2027401,34,32
2027203,69,209
2027104,40,127
2027005,88,658
2026909,37,58
2026800,27,32
2026602,43,155
2026404,62,310
2026206,43,126
2026107,89,851
2025902,16,16
2025605,29,147
2025506,97,1107
2025407,60,178
2025308,292,9588
2025209,28,4
2025100,69,165
2025001,157,9008
2024905,39,68
2024707,64,25
2024509,56,203
2024202,43,101
2024103,40,165
2023809,29,39
2023601,112,416
2023403,24,27
2023304,52,453
2023106,49,68
2022901,33,612
2022802,41,93
2022703,26,1
2022604,49,132
2022307,72,96
2022208,40,9
2022109,35,137
2021607,69,808
2021508,385,13623
2021409,81,2144
2021300,33,118
2021201,91,756
2021102,40,130
2021003,42,87
2020907,83,176
2020709,31,70
2020600,61,90
2020006,54,0
2019901,41,621
2019802,29,48
2019604,124,3069
2019505,64,21
2019109,26,0
2019000,40,0
2018805,41,76
2018706,60,863
2018607,31,16
2018201,60,976
2017907,24,50
2017709,45,69
2017600,42,20
2017501,31,49
2017402,53,38
2017303,72,416
2017105,46,103
2016504,63,32
2016405,34,15
2016306,26,5
2016207,52,93
2016108,42,52
2015903,51,204
2015804,56,221
2015408,39,22
2015309,21,0
2015200,41,35
2015101,63,80
2015002,37,1
2014906,68,410
2014807,74,58
2014401,107,568
2014203,44,648
2014104,76,1913
2014005,129,2940
2013909,39,213
2013602,44,81
2013503,87,324
2013305,62,370
2013206,67,248
2013008,98,751
2012902,38,90
2012407,58,310
2012308,82,1519
2012209,31,178
2012100,33,16
2012001,67,234
2011905,40,8
2011806,49,241
2011509,52,85
2011400,113,1948
2011202,189,1848
2011103,244,13963
2011004,33,3
2010908,65,616
2010809,62,31
2010700,16,4
2010601,75,52
2009704,67,39
2009506,57,217
2009407,188,1432
2009209,49,21
2008905,60,80
2008806,31,222
2008707,75,1044
2008608,134,773
2008400,254,11695
2008301,52,1
2008004,53,59
2007908,103,493
2007809,62,49
2007700,47,94
2007601,61,81
2007502,58,26
2007403,63,162
2007304,62,481
2007205,47,26
2006901,104,3422
2006802,35,161
2006703,50,217
2006505,51,112
2006307,63,8
2006208,42,82
2006109,44,45
2005805,77,89
2005706,90,1072
2005607,47,5
2005508,60,945
2005409,30,2
2005003,56,28
2004808,69,768
2004402,29,5
2004303,97,1784
2004105,92,295
2004006,103,214
2003801,28,1
2003702,51,119
2003504,54,162
2003405,53,266
2003207,77,320
2003108,91,80
2002903,31,47
2002705,33,61
2002606,179,4723
2002507,151,1223
2002408,51,180
2002309,77,1362
2002101,188,4082
2002002,39,11
2001807,85,394
2001708,67,182
2001609,110,631
2001401,90,201
2001203,58,144
2001104,54,365
2001005,21,123
2000909,71,147
2000800,71,131
2000404,30,304
2000206,50,262
2000107,113,1354
1957303,289,623
1957105,32,87
1956900,25,108
1956702,93,802
1956405,445,4693
1956306,60,415
1956207,17,7
1956009,44,209
1955903,52,512
1955804,55,127
1955309,63,658
1955200,132,5099
1955002,36,363
1954906,50,153
1954708,22,0
1954609,32,96
1954302,73,123
1954104,35,54
1953909,47,448
1953800,47,303
1953404,70,507
1953206,21,118
1952704,41,109
1952506,23,79
1952308,42,99
1952209,112,3252
1952001,49,288
1951707,73,1220
1951608,127,404
1951301,32,22
1950908,53,155
1950601,190,596
1950502,183,1871
1950304,32,45
1950106,35,95
1949902,113,646
1949506,72,332
1949407,219,1950
1949100,52,399
1949001,47,296
1948509,111,926
1948103,33,309
1947700,34,237
1947601,26,196
1947502,57,201
1947403,32,303
1947205,34,120
1946505,30,109
1946406,17,65
1946307,60,529
1946208,35,161
1945102,32,8
1945003,33,80
1944907,105,634
1944204,112,1269
1944105,43,260
1944006,207,3561
1943603,119,932
1943405,50,104
1943306,109,808
1943108,119,1031
1942507,36,212
1942309,62,145
1942200,66,4
1942101,45,288
1941609,105,432
1941500,45,195
1941302,72,317
1941104,25,382
1940800,52,99
1940701,108,5462
1940305,26,219
1940107,31,2
1940008,108,2124
1939408,125,250
1938708,44,325
1938401,123,922
1937800,28,31
1937701,31,126
1937305,19,102
1937206,135,1466
1936605,45,354
1936506,83,819
1936209,95,720
1936100,79,715
1936001,150,2492
1935608,31,108
1935400,44,175
1935103,55,898
1935004,50,147
1934700,43,32
1934502,103,658
1934403,155,1044
1934304,32,72
1933901,29,17
1933406,76,472
1932508,358,1001
1932300,58,573
1932201,114,1815
1932003,58,1715
1931808,165,5381
1931303,58,181
1930900,177,4609
1930801,64,369
1930702,69,710
1930603,48,96
1930405,101,306
1930306,65,75
1930009,98,283
1929904,258,3346
1929607,37,137
1929003,118,1048
1928907,60,237
1928501,68,855
1928204,24,119
1928006,44,302
1927207,49,237
1927108,72,697
1927009,113,2344
1926705,135,2187
1925807,45,283
1925609,117,1276
1925500,34,164
1925401,227,4240
1925302,55,652
1924800,62,830
1924701,67,89
1924503,57,562
1924107,54,201
1924008,47,96
1923803,41,159
1923704,82,309
1923605,47,185
1923506,54,613
1923407,154,1768
1922806,61,101
1922608,63,350
1922202,67,211
1922004,72,253
1921908,31,42
1921601,58,305
1921502,51,138
1921007,104,313
1920109,43,151
1919806,47,143
1919707,52,70
1919608,38,8
1919400,31,8
1919301,175,812
1919202,47,83
1918601,87,1092
1918502,40,5
1918304,45,111
1918205,41,88
1918007,112,830
1917505,105,509
1917307,81,71
1917000,165,4622
1916805,22,6
1916607,30,37
1916508,127,1372
1916201,25,5
1915808,57,314
1915709,97,163
1915402,44,70
1915303,30,3
1915204,27,14
1915105,58,120
1914405,27,10
1914108,25,35
1913903,34,64
1913804,43,18
1913705,47,206
1913507,40,95
1913408,84,1148
1913101,29,27
1912807,96,135
1912401,64,11
1912203,29,19
1912104,25,14
1912005,128,865
1911909,41,391
1911800,46,40
1911602,36,9
1911305,43,228
1911206,41,27
1911107,241,4924
1911008,80,720
1910704,148,2190
1910605,52,569
1910506,91,986
1910407,59,251
1910209,26,0
1909708,91,2822
1909302,66,273
1909203,76,122
1909104,57,38
1909005,37,88
1908602,53,94
1908404,53,347
1908305,36,55
1908206,128,3186
1908008,49,192
1907803,68,141
1907506,41,168
1907100,40,245
1907001,50,43
1906905,97,337
1906608,84,247
1906202,32,4
1906004,44,68
1905908,119,1319
1905700,42,47
1905601,66,174
1905502,51,264
1905403,79,1877
1905304,69,6
1905205,42,31
1905106,79,453
1905007,86,1115
1904802,77,258
1904703,145,1650
1904604,37,6
1904307,54,167
1904000,83,685
1903904,54,215
1903805,44,44
1903706,61,271
1903508,38,253
1903409,64,511
1903102,42,74
1903003,76,375
1902303,75,807
1902204,179,2851
1902105,62,288
1901900,320,3205
1901603,47,41
1901405,47,1658
1901306,200,2140
1901207,62,135
1901108,66,161
1900804,42,80
1900606,58,270
1900309,33,51
1900101,104,204
1853605,154,3857
1853209,58,364
1852608,33,76
1852509,26,144
1852400,99,601
1852202,294,921
1851908,54,555
1851809,32,81
1851700,18,69
1851502,55,231
1850901,65,416
1849707,86,517
1849608,16,0
1848908,69,941
1848809,58,268
1848601,94,1025
1848403,41,316
1847901,66,463
1847802,91,779
1847505,89,303
1847406,49,299
1847109,63,711
1847000,57,523
1846300,51,138
1846201,38,343
1846102,31,197
1846003,143,1590
1845600,92,450
1845402,43,178
1845303,36,167
1845105,101,762
1844702,34,82
1844603,74,590
1844504,133,2208
1844306,66,426
1844108,43,147
1844009,27,85
1843903,42,264
1843804,49,106
1843507,46,246
1843309,86,510
1843200,73,546
1843002,94,953
1842609,48,144
1842401,244,2642
1842104,148,1240
1842005,35,25
1841800,147,1538
1841503,49,149
1841305,229,8346
1841206,71,515
1841107,97,491
1841008,67,259
1840902,134,1252
1840704,31,44
1840605,218,8558
1839708,23,80
1839500,53,176
1839401,74,787
1839302,85,316
1838404,24,11
1838107,76,303
1837803,42,356
1837605,38,288
1837506,130,599
1837209,28,851
1837100,45,13
1836509,106,736
1836301,54,123
1835908,219,1787
1835601,67,791
1835502,52,50
1834901,63,1039
1834802,73,616
1834703,36,184
1834604,157,437
1834505,67,93
1834208,91,1330
1834109,26,105
1833607,83,662
1833102,49,1449
1833003,224,3451
1832501,51,731
1832402,47,109
1832105,86,420
1832006,106,1924
1831900,47,184
1831801,262,19941
1831603,351,6698
1831405,80,401
1831108,38,50
1831009,209,5532
1830804,71,147
1830309,206,1280
1830200,134,2772
1830002,56,356
1829907,45,133
1829808,31,130
1829600,36,121
1829501,59,141
1829402,97,696
1828900,46,249
1828801,38,64
1828504,81,1960
1827408,53,776
1827309,100,386
1826906,211,5899
1826302,51,458
1825305,33,465
1825206,104,1206
1825008,17,0
1824902,44,240
1824308,98,1447
1824100,42,58
1823905,50,297
1823806,52,20
1823707,90,1063
1823509,102,907
1823301,44,103
1823103,57,177
1822809,53,132
1822502,227,1631
1822403,67,243
1821406,46,58
1820904,65,415
1820409,212,438
1820300,27,31
1820201,26,105
1819908,32,13
1819809,41,24
1819502,34,65
1819403,105,579
1819007,47,10
1818901,31,238
1818703,40,20
1817607,34,280
1817409,46,37
1816808,58,211
1816501,46,90
1816402,74,183
1816105,77,687
1815801,76,81
1815603,84,243
1815504,38,221
1815405,52,12
1815306,47,35
1814903,58,261
1814705,66,137
1814408,37,483
1814309,117,586
1814200,66,137
1814002,30,586
1813708,81,273
1813104,57,387
1813005,31,29
1812701,81,185
1812602,35,0
1812305,85,140
1812107,180,3132
1811902,30,17
1811803,23,33
1811704,44,13
1811605,195,1356
1811506,53,20
1811407,46,201
1811308,55,456
1810905,71,1515
1810806,165,1589
1810509,57,205
1810202,58,260
1809909,34,451
1809800,157,2677
1809701,37,16
1809206,82,221
1808902,54,159
1808506,85,230
1808407,62,1052
1808308,75,415
1808209,81,1468
1808100,55,113
1807905,92,8999
1807608,83,485
1807400,24,124
1806908,79,1673
1806809,174,2003
1806502,54,256
1806205,92,370
1806106,100,389
1805505,136,2057
1805208,25,0
1805109,47,88
1804508,59,1254
1804300,107,206
1804201,44,86
1803709,75,828
1803600,41,112
1803303,58,396
1803006,102,306
1802702,28,5
1802603,69,333
1802108,51,56
1801903,89,224
1801705,25,21
1801507,107,123
1801408,63,119
1801309,43,168
1801002,290,5178
1800708,80,992
1800401,56,15
1800302,25,21
1800203,27,39
1800104,71,2467
1749304,191,8525
1748901,54,236
1748802,59,1296
1748505,416,786
1748406,57,271
1748208,68,51
1747607,38,875
1746303,43,168
1746105,130,932
1745900,31,87
1745504,48,132
1744804,139,162
1744705,75,965
1744408,99,1561
1744200,44,241
1743906,102,243
1743807,53,231
1743708,36,73
1743500,94,1146
1742503,93,2013
1742404,64,341
1742305,98,1650
1742008,80,3184
1741506,88,470
1741209,51,179
1740806,65,783
1740509,144,3456
1737905,118,423
1737509,75,348
1737301,57,1149
1737202,73,318
1737004,66,410
1736502,70,204
1736205,36,35
1735604,270,1359
1735208,91,533
1734904,93,1132
1734706,95,2118
1734508,59,138
1734409,134,1620
1734201,41,216
1734102,127,2809
1733808,38,74
1733709,56,25
1733303,179,1409
1733006,204,2898
1732900,52,100
1732801,74,390
1732603,159,2226
1731804,47,72
1731606,36,123
1731507,328,16305
1731408,153,567
1731002,111,927
1730807,208,606
1730500,103,1606
1730401,185,5422
1729801,93,211
1729405,51,311
1729306,49,385
1729207,140,334
1728705,89,578
1728606,46,300
1728408,103,1764
1728309,230,3705
1728101,34,49
1728002,58,698
1727005,116,386
1726909,167,3211
1726602,73,235
1726107,351,3359
1725902,86,508
1725704,71,210
1725308,48,263
1725100,51,388
1725001,140,2978
1724509,315,4646
1723908,474,1997
1723809,106,1193
1722406,302,685
1722109,38,218
1722000,71,1747
1721904,156,715
1721607,55,50
1721300,43,12
1720907,52,31
1720709,43,130
1720600,52,108
1720402,60,169
1720303,104,377
1720204,42,173
1720105,135,4099
1719604,141,477
1719505,78,82
1719307,196,849
1718904,53,54
1718805,41,531
1718706,70,48
1718300,51,37
1717709,93,837
1717501,66,391
1717402,64,121
1717204,121,244
1717105,59,96
1717006,93,298
1716702,172,1041
1716504,79,1172
1716306,91,339
1716108,59,13
1715804,113,654
1715101,170,4196
1715002,47,148
1714708,224,3116
1714609,118,439
1714005,50,7
1713602,43,45
1712902,79,61
1712704,114,275
1712506,151,1983
1711806,42,63
1711707,63,113
1710809,86,162
1710700,65,224
1710601,56,237
1710403,62,482
1710205,309,2223
1709704,72,71
1709506,60,24
1709407,181,239
1709308,99,475
1709209,38,190
1709001,64,117
1708905,219,2340
1708608,76,63
1708400,118,1206
1708103,58,12
1707908,115,1770
1707809,48,5
1707700,57,28
1707502,217,817
1707205,34,33
1707106,57,26
1706703,57,12
1706406,57,422
1706307,75,630
1706208,233,128
1706000,64,214
1704907,243,1292
1704709,47,110
1704501,163,1001
1704105,262,13243
1703801,71,257
1703702,128,2595
1703405,36,4
1703207,80,869
1702606,94,161
1702408,92,234
1702309,129,2031
1702200,178,4646
1702101,152,2708
1701807,53,56
1701609,82,1845
1701500,88,271
1701401,69,231
1701302,116,525
1700602,161,3124
1700404,80,720
1700107,52,11
1603883,122,494
1603861,278,1355
1603855,53,3368
1603849,71,1080
1603811,33,116
1603700,253,3850
1603699,184,2024
1603627,174,1456
1603611,109,824
1603499,152,1330
1603483,86,654
1603433,255,1354
1603405,244,2805
1603350,33,114
1603338,66,204
1603277,261,1625
1603255,210,2176
1603249,208,463
1603194,177,533
1603172,56,250
1603100,221,392
1602984,215,531
1602978,53,141
1602940,60,204
1602928,183,851
1602912,50,184
1602889,58,212
1602867,353,4774
1602845,48,106
1602778,57,324
1602762,70,1025
1602740,51,220
1602728,250,1707
1602689,110,604
1602651,114,1435
1602623,84,948
1602617,322,7720
1602601,166,536
1602578,38,72
1602556,67,228
1602540,45,148
1602506,172,290
1602489,38,312
1602467,73,170
1602451,281,56026
1602445,96,533
1602439,85,960
1602384,34,172
1602334,302,2009
1602312,58,524
1602251,45,120
1602245,138,1835
1602239,109,215
1602162,63,310
1602140,69,193
1602095,145,487
1602073,56,179
1602051,78,444
1602017,131,1031
1601902,81,644
1601891,101,652
1601885,36,527
1601774,136,2743
1601768,23,120
1601730,91,179
1601580,66,487
1601530,242,1080
1601518,33,99
1601502,100,928
1601491,44,77
1601457,45,53
1601441,40,172
1601435,52,132
1601413,90,53
1601396,71,210
1601368,53,34
1601330,146,3298
1601285,29,8
1601279,35,104
1601235,53,81
1601229,32,28
1601196,24,26
1601168,137,1369
1601130,59,96
1601085,73,382
1601079,149,3602
1601029,64,160
1601007,231,3064
1600936,64,112
1600875,41,63
1600847,90,1063
1600758,54,91
1600742,220,4791
1600720,75,48
1600714,178,2794
1600647,127,911
1600625,93,1057
1600592,146,538
1600564,196,1384
1600542,224,4619
1600497,219,3305
1600447,47,52
1600419,69,10
1600386,40,23
1600342,413,3009
1600308,35,75
1600297,63,90
1600275,108,943
1600225,49,24
1600192,198,2019
1600186,53,78
1600120,119,1404
1600081,124,1288
1600075,175,2566
1502932,207,3109
1502843,233,1600
1502809,68,182
1502798,56,98
1502760,343,2837
1502726,35,229
1502710,74,231
1502687,52,53
1502643,64,1586
1502637,141,495
1502598,237,729
1502582,80,622
1502526,162,1828
1502493,92,2568
1502487,226,1029
1502465,212,1372
1502437,149,1107
1502332,56,231
1502310,79,1119
1502287,109,323
1502271,89,754
1502215,302,1846
1502087,643,13498
1502037,12,0
1501922,28,59
1501849,332,6876
1501811,136,1865
1501572,30,19
1501544,15,9
1501516,27,158
1501477,18,16
1501405,32,93
1501255,36,48
1501172,65,100
1501049,26,36
1501011,30,776
1500889,240,4635
1500839,112,391
1500823,86,686
1500790,16,1
1500728,34,523
1500673,150,4131
1500623,32,21
1500562,29,6
1500356,218,3527
1500267,46,85
1500251,163,1623
1500089,62,569
1402863,470,9691
1402691,140,5
1402663,267,2415
1402629,241,2355
1402441,37,3215
1402229,30,5
1402196,43,167
1402174,76,723
1402152,24,107
1402079,117,2192
1402063,31,109
1402057,15,5
1401992,406,5250
1401986,15,145
1401958,31,26
1401920,35,43
1401770,54,59
1401592,354,5115
1401536,28,32
1401481,164,901
1401419,20,43
1401386,212,461
1401364,106,1468
1401336,33,36
1401297,59,284
1401281,44,119
1401253,24,22
1401186,72,2542
1401142,13,14
1401114,136,1799
1401108,27,150
1400887,70,69
1400865,173,773
1400798,104,603
1400782,143,295
1400776,104,445
1400726,52,322
1400687,41,3
1400659,150,1437
1400637,69,95
1400582,77,281
1400560,18,0
1400532,17,0
1400471,22,58
1400459,154,1765
1400421,83,854
1400376,32,31
1400354,295,3862
1400287,214,4215
1400265,209,2026
1400215,38,1658
1400182,410,3753
1400154,223,1345
1400093,51,293
1400037,30,43
1310527,194,830
1310450,12,0
1310422,466,70031
1310399,301,11265
1310377,47,154
1310349,17,3
1305102,40,264
1305079,22,132
1305029,134,3302
1304986,77,618
1304970,127,1449
1304697,19,24
1304675,271,4518
1304625,64,748
1304592,125,2573
1304520,169,4000
1304364,129,1959
1304336,115,280
1304203,21,15
1304158,27,3
1304081,13,36
1303910,163,4916
1303809,50,334
1303754,115,75
1303621,43,152
1303560,39,70
1303554,18,10
1303532,17,26
1303510,35,6
1303265,23,25
1303176,22,62
1303160,75,597
1303015,38,211
1302899,90,1252
1302883,25,18
1302833,121,1365
1302700,242,1372
1302588,118,664
1302544,32,216
1302299,42,1412
1302255,39,226
1302249,26,63
1302188,295,11640
1302172,45,46
1302166,44,46
1302138,19,33
1302055,54,109
1301984,26,89
1301928,13,12
1301895,77,1258
1301817,18,20
1301740,40,61
1301645,57,219
1301562,101,867
1301512,27,41
1301473,213,457
1301312,82,1127
1301306,43,80
1301273,161,1273
1301239,100,673
1301140,301,2386
1301089,52,96
1301073,35,0
1301017,16,3
1300974,82,995
1300891,131,1611
1300857,30,42
1300780,72,1568
1300718,198,2367
1300679,42,95
1300580,84,848
1300546,21,44
1300485,34,23
1300374,147,4649
1300368,26,103
1300318,23,35
1300302,60,248
1300257,37,149
1300207,64,192
1300130,156,1261
1300102,81,940
1300091,65,157
1210836,300,2900
1208079,23,70
1208057,68,191
1208007,42,24
1207958,19,346
1207819,33,120
1207603,309,13499
1207447,15,8
1207431,276,3511
1207231,312,3592
1207170,85,1603
1207047,146,1552
1206976,18,8
1206932,34,80
1206926,11,1
1206904,33,57
1206893,31,178
1206887,17,0
1206748,12,0
1206532,19,131
1206526,497,10277
1206510,25,23
1206093,209,720
1206065,72,614
1205988,33,129
1205938,35,33
1205655,20,0
1205633,147,8308
1205572,31,146
1205544,34,129
1205522,52,253
1205500,43,172
1205483,21,8
1205455,47,123
1205433,18,0
1205427,40,660
1205372,22,3
1205299,51,1179
1205283,25,152
1205249,200,587
1205099,115,1117
1205049,22,88
1204940,74,306
1204906,67,144
1204695,162,533
1204651,12,0
1204584,162,2992
1204489,32,162
1204356,37,46
1204334,34,122
1204273,106,107
1204128,135,731
1204017,23,5
1203796,83,5977
1203641,309,931
1203629,82,849
1203596,29,18
1203524,198,1616
1203518,15,0
1203441,89,345
1203291,21,14
1203263,13,0
1203174,254,1894
1203091,21,91
1202908,57,30
1202453,162,1726
1202425,106,7998
1202386,36,81
1202308,40,121
1202231,293,1666
1202225,17,18
1202203,79,409
1202075,139,4256
1201926,30,264
1201871,24,42
1201865,148,8641
1201843,20,18
1201643,68,281
1201637,46,148
1201560,336,3903
1201532,16,6
1201510,29,3
1201465,27,24
1201304,118,3315
1201259,30,9
1201176,85,240
1201093,32,86
1201087,261,1867
1201009,34,118
1200972,18,5
1200922,27,2
1200833,25,9
1200677,37,29
1200499,33,91
1200483,31,889
1200411,126,923
1200372,20,0
1200366,30,54
1200283,27,123
1200233,60,378
1200211,36,90
1200205,31,61
1200144,276,4702
1200083,17,59
1200077,106,2714
1117848,37,106
1117454,408,1219
1109326,35,5349
1109176,14,28
1108944,40,53
1108938,35,126
1108877,26,14
1108805,146,377
1108794,37,49
1108699,45,209
1108677,247,6853
1108449,14,53
1108405,17,0
1108394,282,2458
1108283,219,114
1108277,53,727
1108188,86,1598
1108077,45,267
1107984,8,0
1107845,35,40
1107639,162,1663
1107540,42,10
1107528,34,32
1107512,10,0
1107439,16,4
1107417,37,559
1107384,236,5324
1107334,188,1068
1107328,13,1
1107289,37,147
1107245,29,113
1107178,35,79
1105914,61,373
1105897,15,936
1105586,45,250
1105536,132,7115
1105508,68,2288
1105392,32,59
1105186,39,63
1105136,16,6
1105097,126,1444
1104932,32,15
1104837,9,299
1104776,31,131
1104754,432,3542
1104710,16,35
1104582,14,2
1104360,12,0
1104271,21,48
1104065,72,648
1104021,18,37
1103944,38,234
1103855,81,1548
1103700,7,1
1103677,14,0
1103649,36,7
1103633,61,1041
1103566,233,2089
1103550,346,9259
1103516,27,518
1103461,89,985
1103455,34,159
1103449,48,274
1103388,140,128
1103350,19,341
1103344,20,131
1103283,29,53
1103261,36,182
1103249,122,755
1103049,19,16
1103011,340,4176
1102990,31,55
1102984,69,157
1102928,11,0
1102906,36,17
1102889,29,183
1102801,38,101
1102651,21,14
1102562,191,601
1102423,17,0
1102328,125,4987
1102239,28,559
1102223,27,14
1101996,197,2586
1101841,27,243
1101679,25,4
1101641,18,15
1101580,91,2148
1101485,34,83
1101457,240,2916
1101368,39,176
1101302,16,25
1101257,29,28
1101241,91,1294
1101229,678,7868
1101196,144,1462
1101118,342,6523
1101041,41,121
1100942,20,1
1100936,16,50
1100908,54,270
1100803,220,1234
1100742,30,3
1100714,130,181
1100669,56,43
1100453,35,129
1100431,81,55
1100425,50,118
1100136,19,0
1100053,90,1485
1009524,15,128
1008914,97,1863
1008825,45,3951
1008792,48,134
1008447,73,388
1008097,103,11
1008025,32,66
1006966,67,883
1006938,263,1197
1006922,349,5604
1006788,32,104
1006766,14,5
1006605,18,9
1006594,238,3522
1006588,256,1296
1006566,17,0
1006499,35,193
1006261,8,64
1006233,15,4
1006144,20,24
1006027,226,1449
1005401,16,238
1005017,242,598
1004857,9,62
1004746,18,15
1004724,30,14
1004679,38,26
1004663,32,666
1004546,34,18
1004491,27,31
1004463,48,580
1004413,128,1
1004380,46,325
1004330,22,46
1004291,83,827
1004118,57,3543
1003970,125,245
1003825,249,6540
1003786,93,470
1003758,55,735
1003681,26,34
1003675,25,18
1003603,196,137
1003570,15,57
1003536,111,445
1003425,32,119
1003314,56,81
1003281,227,906
1003225,45,353
1003192,155,3807
1003158,84,572
1002910,25,30
1002837,22,48
1002809,263,3253
1002615,47,149
1002560,46,551
1002504,28,172
1002459,286,22373
1002415,28,909
1002382,51,136
1002360,15,15
1002160,40,136
1002148,26,22
1002065,23,18
1002059,38,25
1002009,22,6
1001877,137,785
1001827,34,8
1001716,146,11721
1001700,9,3
1001594,306,6286
1001499,9,334
1001372,99,811
1001366,52,120
1001350,77,337
1001338,28,291
1001255,13,699
1001083,37,91
1000978,27,5
1000956,12,3022
1000790,68,1348
1000740,34,109
1000651,50,416
1000512,30,115
1000473,246,2297
1000445,43,53
1000417,34,47
1000401,29,458
1000390,40,80
1000289,37,40
1000251,108,2019
1000239,230,1054
1000162,33,72
1000140,79,672
1000134,58,670
907212,115,1243
906468,393,6030
906391,29,532
906268,226,704
906157,13,2
906068,18,231
905947,242,1673
905858,277,1314
905747,281,8522
905636,40,150
905581,20,6
905531,84,541
905119,224,2754
905036,13,1
904937,83,54
904848,12,5
904832,177,840
904810,189,576
904410,19,180
904387,57,180
904343,22,22
904254,25,330
904232,31,72
904210,28,32
904137,156,3941
904121,48,117
904054,12,0
903955,54,764
903911,246,832
903872,253,549
903694,208,541
903527,80,863
903383,20,13
903333,365,6805
903305,14,7
903288,150,2382
903222,94,341
903149,49,3548
902945,13,2
902923,141,110
902840,21,172
902773,124,150
902745,200,633
902484,26,27
902412,357,3899
902406,38,1030
902301,36,99
902234,26,157
902189,35,406
901963,177,2342
901874,39,148
901868,211,466
901791,112,1039
901785,54,261
901668,109,1341
901618,38,259
901591,92,6275
901579,203,76
901446,14,0
901296,31,93
901141,41,66
901129,30,71
901074,21,18
901030,24,45
901024,45,29
900969,42,464
900886,22,6
900814,317,4760
900797,161,3145
900781,68,440
900719,405,4086
900608,45,92
900581,210,3349
900575,44,181
900553,146,35
900525,122,2860
900519,11,0
900470,40,102
900414,33,97
900397,105,745
900319,28,72
900220,179,9464
900169,221,19
900058,467,10721
805234,28,36
804913,428,10674
804391,513,34054
804335,27,7
804313,20,242
804307,22,17
804052,120,978
803836,18,2
803769,20,22
803636,38,269
803581,38,64
803436,300,2841
803375,42,613
803353,150,14
802959,370,17442
802915,20,33
802759,122,80
802709,55,253
802654,201,2584
802343,30,45
802337,19,163
802032,23,9
801888,449,6609
801850,35,25
801844,20,58
801749,14,1
801672,60,123
801383,138,2518
801266,309,4340
801133,72,778
800945,108,992
800923,18,106
800917,12,5
800828,202,2244
800717,20,2
800628,37,5184
800551,212,110
800523,51,207
800456,108,486
800428,275,1140
800290,29,4
800240,58,125
800189,25,141
800167,207,2751
800151,179,266
800056,82,314
800040,90,147
800028,31,78
702985,1425,30073
702674,47,13
702230,78,1443
702024,17,27
701925,81,618
701886,70,47
701725,196,1697
701642,91,519
701597,45,199
701575,88,639
701525,10,0
701492,13,83
701464,162,1392
701397,320,4847
701347,327,316
700898,40,25
700632,33,355
700610,12,0
700543,26,92
700537,204,291
700371,42,47
700359,294,2165
700226,12,46
602961,35,493
602777,17,98
602622,329,11433
602616,32,221
602327,17,14
602294,46,86
601290,44,139
601151,263,1009
601123,13,0
601034,407,11196
505927,357,4992
505616,68,916
505466,1084,23893
505422,34,72
505416,13,0
505349,30,65
505294,205,2320
505183,29,204
505105,96,826
504856,401,4129
504751,41,950
504723,68,388
504139,15,165
503963,253,5719
503630,53,221
503313,59,470
503141,194,10889
503107,24,67
503052,83,918
503024,15,27
502842,187,1074
502397,39,178
502197,290,6399
501993,46,66
501943,14,22
501537,35,65
501476,181,2643
501298,240,188
501010,24,2
500616,58,170
500577,48,6
500549,38,74
500327,21,39
500050,279,377
402545,84,550
402456,413,6289
402434,233,978
402284,318,1955
402262,41,109
402256,242,3893
402206,222,1341
401935,173,392
401929,179,3206
401874,132,4
401624,29,23
401280,393,5037
401202,111,2398
401002,64,22
400931,86,16
400642,67,802
400581,25,63
400569,28,0
400442,14,5
400319,71,176
400092,33,46
400036,44,28
312463,167,48
312079,18,47
311992,15,0
311803,30,136
311647,398,23798
311514,51,465
311364,138,970
311025,275,562
310910,15,0
310871,27,516
310704,91,3948
310493,21,62
310071,66,106
309713,194,218
309696,91,1653
309591,215,891
309280,272,3721
309179,312,4706
308981,10,2
307965,82,36
307943,36,74
307854,78,695
307743,264,633
307632,11,91
307593,410,4592
307387,21,22
307082,25,264
307054,27,78
307010,211,945
306999,17,0
306650,101,1027
306561,387,2056
306361,24,30
306294,298,2031
306222,25,234
306072,96,9
305989,19,0
305951,22,30
305795,15,0
305478,453,3247
305395,218,499
305256,27,39
305117,16,2
304935,21,8
304868,59,62
304779,149,1442
304707,260,2399
304652,209,539
304624,14,2
304430,17,69
304252,19,17
304230,23,106
303981,29,296
303597,28,46
303175,30,83
302826,305,2976
302626,146,1294
302593,271,683
302482,176,1488
302476,231,959
302454,33,370
302371,69,1097
302359,23,2
301961,225,221
301816,166,6745
301727,258,3414
301511,24,5
301022,142,136
300690,44,996
300551,20,0
300428,230,5478
300323,16,0
200248,24,36
200082,211,556
